name,file,height_cm,palette1,palette2,palette3,palette4,palette5
Agrostis Grass- Purple,agrostis-grass-purple.jpg,50,#cfcaca,#b59fc2,#9f73b7,#8e4bb4,#361f43
Amarellino- Soft Pink,amarellino-soft-pink.jpg,55,#f4baaf,#f1a398,#cca896,#d3927e,#694b45
Beach Grass,beach-grass.jpg,120,#e4e1e3,#d1c8c5,#b9b2ad,#877b68,#1d1c1b
Banksia Protea,banksia-protea.jpg,25,#d4c39a,#cd9868,#ae9366,#986944,#23201f
Bougainvillea- Pink,bougainvillea-pink.jpg,50,#eccccf,#ecaab1,#ec97a0,#dc7c85,#3a1e20
Brunia,brunia.jpg,50,#c9bbb2,#b09f91,#8f7863,#644c3a,#1e1813
Buplureum XL,buplureum-xl.jpg,50,#b09f8f,#8a7167,#755649,#763e2f,#261d1a
Buplureum,buplureum.jpg,50,#decdbf,#d3b395,#c89e74,#b78452,#49331f
Button Batao -White,button-batao-white.jpg,50,#ecd6c5,#e8c7ae,#e0ba9f,#cea287,#684c3c
Cedar Roses- Natural,cedar-roses-natural.jpg,35,#e1a488,#c98161,#a66445,#7d3b1a,#2c150c
Celosia- Buff,celosia-buff.jpg,50,#c1ae86,#b29b6b,#a38a57,#8c723f,#4e4129
Celosia- Fuschia,celosia-fuschia.jpg,50,#a8587e,#9e3a6b,#90275a,#861349,#490725
Cotton,cotton.jpg,60,#e4dbd7,#a69c97,#251c1a,#001b1a,#000000
Barley,barley.jpg,50,#c7c0ab,#afa280,#999279,#797258,#26231c
Dried Bouquet- Bleached,dried-bouquet-bleached.jpg,50,#eae1d0,#e4c89f,#cdb087,#b68e5c,#8a673a
Dried Bouquet- Bright Pink,dried-bouquet-bright-pink.jpg,50,#ead3ba,#e3b7a4,#d59780,#ba7b51,#924b36
Dried Bouquet- Bright Red,dried-bouquet-bright-red.jpg,50,#f1e2cf,#d5bb9b,#b3885c,#b33122,#641b11
Dried Bouquet Case- Light Pink,dried-bouquet-case-light-pink.jpg,50,#f0d2c4,#d8b499,#c78962,#ab8152,#8a5633
Dried Bouquet- Naturals,dried-bouquet-naturals.jpg,50,#f0e9d7,#e5d9c3,#ccb07d,#a48849,#4a4111
Dried Bouquet- Pink Fantasy,dried-bouquet-pink-fantasy.jpg,50,#edddcb,#e7b0a3,#c8a185,#ba816b,#894b4a
Dried Bouquet- Cherry Red,dried-bouquet-cherry-red.jpg,50,#dcc8af,#ac7957,#9d3d31,#881112,#3a0c09
Dried Bouquet- Pinks and Green,dried-bouquet-pinks-and-green.jpg,50,#eee6da,#e0b4ab,#b7986f,#906a3f,#3c350d
Dried Bouquet- Purple,dried-bouquet-purple.jpg,50,#eae5e9,#d3bbc7,#af847f,#5f3e4a,#150815
Dried Bouquet- Yellow and Green,dried-bouquet-yellow-and-green.jpg,50,#eadf9d,#dcc66d,#b99a45,#856720,#313607
Dried Bouquet- Orange,dried-bouquet-orange.jpg,50,#ebdac0,#e7b581,#cd9e6e,#c07d42,#af4213
Gypsophila Baby’s Breathe,gypsophila-baby-s-breathe.jpg,50,#e7e1da,#d7cfc4,#c3bba7,#a8a17d,#5e593c
Dried Larkspur White,dried-larkspur-white.jpg,50,#cec5b9,#ad9f82,#927c52,#776945,#3d311b
Dried Larkspur,dried-larkspur.jpg,50,#a38e6a,#856f51,#785944,#83333f,#322317
Papaver XS,papaver-xs.jpg,50,#d2b28b,#b5997f,#a07b59,#7c5536,#2c1f17
Peegee Hydrangea,peegee-hydrangea.jpg,50,#d9c896,#c5ab79,#af8e5d,#8f663a,#3e2c16
German Statice,german-statice.jpg,50,#d0cbbf,#b4ae9c,#958a70,#66593b,#1a160e
Thistle- Blue,thistle-blue.jpg,55,#9d9c96,#5b5a55,#403e3a,#302e2e,#131313
Dried Triticum | Wheat Bunch,dried-triticum-wheat-bunch.jpg,55,#d6be91,#c3a577,#aa986f,#907f58,#49402d
Echinops- Blue,echinops-blue.jpg,50,#9e9d99,#7d7c7a,#5c5b5d,#343438,#0a0a0c
Echinops- Green,echinops-green.jpg,50,#beb7a8,#a49c89,#8b8369,#685e44,#252316
Eucalyptus Fruit,eucalyptus-fruit.jpg,40,#d5bc9b,#bb9d76,#997d57,#6c5332,#1f180f
Lotus Pods,lotus-pods.jpg,70,#896d63,#674a43,#513733,#341e1c,#100809
Gomphrena- Blush,gomphrena-blush.jpg,35,#d8b9ad,#ca9f90,#b88977,#8e654f,#362217
Gomphrena- Fuschia,gomphrena-fuschia.jpg,35,#9a8667,#7f514c,#76203d,#870338,#390215
Gomphrena- Purple Gradient,gomphrena-purple-gradient.jpg,35,#c3989b,#9f717a,#885264,#822b65,#291a14
Gomphrena- Red,gomphrena-red.jpg,35,#ada471,#8c8354,#77693f,#80362b,#352b17
Helichrysum – Blue,helichrysum-blue.jpg,40,#3077ad,#0c4486,#081a61,#01105a,#000a41
Helichrysum – Pink,helichrysum-pink.jpg,40,#d7a7b0,#cd8a96,#bd6e7b,#ac3850,#3c1619
Helichrysum – Purple,helichrysum-purple.jpg,40,#635a90,#2e2172,#210c79,#140959,#070338
Date Palm Bleached,date-palm-bleached.jpg,70,#cfe1f0,#b6d9ed,#a1bedc,#7583bb,#1e1537
Lavender Dried,lavender-dried.jpg,40,#a19a95,#7d756b,#625b5b,#403a44,#121016
Kiwi Branches,kiwi-branches.jpg,110,#5b453e,#271d1a,#0f0908,#000e0e,#000000
Lavender Preserved,lavender-preserved.jpg,42,#828495,#3a4062,#2c2f49,#212644,#0c0e1b
Leucadendron Cones,leucadendron-cones.jpg,40,#e0c9ba,#c6b9b6,#b78b71,#a76546,#4f3a32
Lotus Pods,lotus-pods.jpg,30,#896d63,#674a43,#513733,#341e1c,#100809
Lunaria Peeled,lunaria-peeled.jpg,70,#dfd9d7,#d7cabd,#cfc9c9,#cbbeb4,#746863
Magnolia Nuthshell Flower- Natural,magnolia-nuthshell-flower-natural.jpg,65,#d1c8c3,#c6bcb9,#a18677,#643c27,#130e0d
Magnolia Nutshell Flower- Blue,magnolia-nutshell-flower-blue.jpg,65,#cfe1f0,#b6d9ed,#a1bedc,#7583bb,#1e1537
Magnolia Nutshell Flower- Mint,magnolia-nutshell-flower-mint.jpg,65,#d6cda5,#c9bc8d,#b5af81,#9a8d59,#302a1c
Micro Daisy,micro-daisy.jpg,50,#e3b8b6,#b39e8b,#9d795f,#84573f,#372e19
Nigella – Natural,nigella-natural.jpg,50,#c8b393,#a49477,#8b7956,#695736,#211c13
Nigella Pods – Natural,nigella-pods-natural.jpg,50,#bdaa82,#9c956d,#8c7d58,#745f43,#2b281e
Nigella – Bleached,nigella-bleached.jpg,50,#d0cbc9,#c4bbb4,#bbad9e,#b0977a,#6d583e
Oak leaves Fall,oak-leaves-fall.jpg,70,#ad635d,#a24b47,#8c3733,#721e19,#1e0805
Ammobium Flower,ammobium-flower.jpg,50,#dfd9d5,#cec1b5,#ac9e91,#735b4c,#312520
Pendula Protea- Red,pendula-protea-red.jpg,40,#fbb376,#d99c73,#c36c4f,#bb4531,#4b2a22
Queen Anne’s lace- Bleached,queen-anne-s-lace-bleached.jpg,50,#afa5a2,#a8978c,#a08975,#564431,#000001
Sponge Mushrooms,sponge-mushrooms.jpg,50,#e3b289,#daa074,#cd9063,#af744a,#4a2d1c
Rosette Protea- Natural,rosette-protea-natural.jpg,45,#e6cfc2,#d4cfce,#c78969,#82533e,#161211
Ruscus- Black,ruscus-black.jpg,70,#e8e4e7,#a8a1a5,#7e6560,#4e3b39,#110f12
Ruscus- Blue,ruscus-blue.jpg,60,#e1e1e8,#c1cad8,#82bcea,#5c9ccd,#242b32
Ruscus- Blush,ruscus-blush.jpg,70,#d2c8c3,#c5b8b2,#bcaba2,#a7968a,#47413d
Ruscus-Burgundy,ruscus-burgundy.jpg,70,#2a2928,#131212,#0e0a0a,#090001,#000000
Ruscus-Dark Blue,ruscus-dark-blue.jpg,70,#7d7e80,#1c1e31,#03043e,#00002a,#000000
Ruscus-Dark Purple,ruscus-dark-purple.jpg,70,#cfd1cf,#86858b,#3b3259,#190263,#020127
Ruscus-Fucsia,ruscus-fucsia.jpg,70,#a9989d,#7d3354,#9c055c,#840341,#54021c
Ruscus- Gold Sparkles,ruscus-gold-sparkles.jpg,70,#e7e2df,#dac19f,#bea685,#a6814d,#3b2e1e
Ruscus-Gold,ruscus-gold.jpg,70,#d5c5a2,#a18e6c,#695c4e,#212022,#010102
Ruscus- Light Blue,ruscus-light-blue.jpg,70,#e0e3e9,#d5d7de,#b9d4e4,#9ebfd2,#404246
Ruscus- Light Brown,ruscus-light-brown.jpg,70,#ddd5d3,#d7afa2,#b89e98,#a66756,#292424
Ruscus- Orange,ruscus-orange.jpg,70,#e2cfcf,#beb6b6,#cb8272,#f44d1c,#8a3725
Ruscus-Red,ruscus-red.jpg,70,#e7d8df,#dea0ad,#db6d81,#db384d,#020303
Ruscus- Red Flock,ruscus-red-flock.jpg,70,#986760,#aa3531,#b72a27,#af1d1b,#5e0e0d
Ruscus- Red,ruscus-red.jpg,70,#e7d8df,#dea0ad,#db6d81,#db384d,#020303
Ruscus-Silver,ruscus-silver.jpg,70,#534f4e,#121213,#110015,#140000,#000000
Ruscus- White,ruscus-white.jpg,70,#d5cfcf,#c9bcb6,#c7a480,#b99c81,#543f28
Ruscus-Yellow,ruscus-yellow.jpg,70,#e8e086,#e3d759,#dcd392,#cabd58,#2d2b26
Safflower,safflower.jpg,50,#a38e49,#7d6630,#5e4d24,#453415,#151408
Setaria Grass- Natural,setaria-grass-natural.jpg,70,#9a8f6b,#897e59,#796f4d,#60573b,#242014
Silene pods,silene-pods.jpg,35,#c89a7b,#4a3728,#130000,#000013,#000000
Silver King,silver-king.jpg,65,#bcbab3,#99978f,#a0705e,#76746c,#5c443a
Sorghum-Bleached,sorghum-bleached.jpg,65,#ece1d8,#ebd7c1,#e5caae,#d4ae8f,#574133
Star Flowers- Bleached,star-flowers-bleached.jpg,45,#b7b1b1,#aea49e,#a99989,#a18767,#433522
Star Flowers- Pink,star-flowers-pink.jpg,45,#dfbebf,#d9acab,#cd9a96,#b87e72,#50342b
Star Flowers- Purple,star-flowers-purple.jpg,45,#9c93c4,#7466ad,#5c4a8b,#3d2b6a,#0f0a20
Strawflower- Pink,strawflower-pink.jpg,60,#d4b0a6,#ac8177,#805b4e,#5c372d,#221912
Strawflower- Red,strawflower-red.jpg,60,#d2a268,#9f6f51,#764832,#641a11,#1e0e0b
Strawflower – Silver,strawflower-silver.jpg,40,#cdccd0,#bcb7b6,#aea296,#93806b,#493a28
Strawflower- White,strawflower-white.jpg,60,#d2c0ae,#c8b194,#bea381,#aa885f,#41301f
Strawflower- Yellow,strawflower-yellow.jpg,60,#fcc518,#fcb00b,#eaaf22,#ce871d,#472e17
Strelitzia Leaves- Natural,strelitzia-leaves-natural.jpg,100,#e5d8c8,#daba9b,#bea586,#7e674f,#070504
Thistle- Green,thistle-green.jpg,55,#908d85,#666359,#514b3e,#403d31,#201e16
Umbrella Fern,umbrella-fern.jpg,45,#d8d1ce,#c2beb2,#979b71,#767a40,#3a3a1b
Wild Thistle Purple,wild-thistle-purple.jpg,55,#201b1d,#0f090c,#0c0005,#00000e,#000000
Xeranthemum Grass,xeranthemum-grass.jpg,60,#cbc6ca,#bba798,#9b7f6b,#72524f,#2b211b
